name,code,province_code,region_code,psgc
ADAMS,012801,0128,01,012801000
BACARRA,012802,0128,01,012802000
BADOC,012803,0128,01,012803000
BANGUI,012804,0128,01,012804000
"CITY OF BATAC",012805,0128,01,012805000
BURGOS,012806,0128,01,012806000
CARASI,012807,0128,01,012807000
CURRIMAO,012808,0128,01,012808000
DINGRAS,012809,0128,01,012809000
DUMALNEG,012810,0128,01,012810000
"BANNA (ESPIRITU)",012811,0128,01,012811000
"LAOAG CITY (Capital)",012812,0128,01,012812000
MARCOS,012813,0128,01,012813000
"NUEVA ERA",012814,0128,01,012814000
PAGUDPUD,012815,0128,01,012815000
PAOAY,012816,0128,01,012816000
PASUQUIN,012817,0128,01,012817000
PIDDIG,012818,0128,01,012818000
PINILI,012819,0128,01,012819000
"SAN NICOLAS",012820,0128,01,012820000
SARRAT,012821,0128,01,012821000
SOLSONA,012822,0128,01,012822000
VINTAR,012823,0128,01,012823000
ALILEM,012901,0129,01,012901000
BANAYOYO,012902,0129,01,012902000
BANTAY,012903,0129,01,012903000
BURGOS,012904,0129,01,012904000
CABUGAO,012905,0129,01,012905000
"CITY OF CANDON",012906,0129,01,012906000
CAOAYAN,012907,0129,01,012907000
CERVANTES,012908,0129,01,012908000
GALIMUYOD,012909,0129,01,012909000
"GREGORIO DEL PILAR (CONCEPCION)",012910,0129,01,012910000
LIDLIDDA,012911,0129,01,012911000
MAGSINGAL,012912,0129,01,012912000
NAGBUKEL,012913,0129,01,012913000
NARVACAN,012914,0129,01,012914000
"QUIRINO (ANGKAKI)",012915,0129,01,012915000
"SALCEDO (BAUGEN)",012916,0129,01,012916000
"SAN EMILIO",012917,0129,01,012917000
"SAN ESTEBAN",012918,0129,01,012918000
"SAN ILDEFONSO",012919,0129,01,012919000
"SAN JUAN (LAPOG)",012920,0129,01,012920000
"SAN VICENTE",012921,0129,01,012921000
SANTA,012922,0129,01,012922000
"SANTA CATALINA",012923,0129,01,012923000
"SANTA CRUZ",012924,0129,01,012924000
"SANTA LUCIA",012925,0129,01,012925000
"SANTA MARIA",012926,0129,01,012926000
SANTIAGO,012927,0129,01,012927000
"SANTO DOMINGO",012928,0129,01,012928000
SIGAY,012929,0129,01,012929000
SINAIT,012930,0129,01,012930000
SUGPON,012931,0129,01,012931000
SUYO,012932,0129,01,012932000
TAGUDIN,012933,0129,01,012933000
"CITY OF VIGAN (Capital)",012934,0129,01,012934000
AGOO,013301,0133,01,013301000
ARINGAY,013302,0133,01,013302000
BACNOTAN,013303,0133,01,013303000
BAGULIN,013304,0133,01,013304000
BALAOAN,013305,0133,01,013305000
BANGAR,013306,0133,01,013306000
BAUANG,013307,0133,01,013307000
BURGOS,013308,0133,01,013308000
CABA,013309,0133,01,013309000
LUNA,013310,0133,01,013310000
NAGUILIAN,013311,0133,01,013311000
PUGO,013312,0133,01,013312000
ROSARIO,013313,0133,01,013313000
"CITY OF SAN FERNANDO (Capital)",013314,0133,01,013314000
"SAN GABRIEL",013315,0133,01,013315000
"SAN JUAN",013316,0133,01,013316000
"SANTO TOMAS",013317,0133,01,013317000
SANTOL,013318,0133,01,013318000
SUDIPEN,013319,0133,01,013319000
TUBAO,013320,0133,01,013320000
AGNO,015501,0155,01,015501000
AGUILAR,015502,0155,01,015502000
"CITY OF ALAMINOS",015503,0155,01,015503000
ALCALA,015504,0155,01,015504000
ANDA,015505,0155,01,015505000
ASINGAN,015506,0155,01,015506000
BALUNGAO,015507,0155,01,015507000
BANI,015508,0155,01,015508000
BASISTA,015509,0155,01,015509000
BAUTISTA,015510,0155,01,015510000
BAYAMBANG,015511,0155,01,015511000
BINALONAN,015512,0155,01,015512000
BINMALEY,015513,0155,01,015513000
BOLINAO,015514,0155,01,015514000
BUGALLON,015515,0155,01,015515000
BURGOS,015516,0155,01,015516000
CALASIAO,015517,0155,01,015517000
"DAGUPAN CITY",015518,0155,01,015518000
DASOL,015519,0155,01,015519000
INFANTA,015520,0155,01,015520000
LABRADOR,015521,0155,01,015521000
"LINGAYEN (Capital)",015522,0155,01,015522000
MABINI,015523,0155,01,015523000
MALASIQUI,015524,0155,01,015524000
MANAOAG,015525,0155,01,015525000
MANGALDAN,015526,0155,01,015526000
MANGATAREM,015527,0155,01,015527000
MAPANDAN,015528,0155,01,015528000
NATIVIDAD,015529,0155,01,015529000
POZORRUBIO,015530,0155,01,015530000
ROSALES,015531,0155,01,015531000
"SAN CARLOS CITY",015532,0155,01,015532000
"SAN FABIAN",015533,0155,01,015533000
"SAN JACINTO",015534,0155,01,015534000
"SAN MANUEL",015535,0155,01,015535000
"SAN NICOLAS",015536,0155,01,015536000
"SAN QUINTIN",015537,0155,01,015537000
"SANTA BARBARA",015538,0155,01,015538000
"SANTA MARIA",015539,0155,01,015539000
"SANTO TOMAS",015540,0155,01,015540000
SISON,015541,0155,01,015541000
SUAL,015542,0155,01,015542000
TAYUG,015543,0155,01,015543000
UMINGAN,015544,0155,01,015544000
URBIZTONDO,015545,0155,01,015545000
"CITY OF URDANETA",015546,0155,01,015546000
VILLASIS,015547,0155,01,015547000
LAOAC,015548,0155,01,015548000
"BASCO (Capital)",020901,0209,02,020901000
ITBAYAT,020902,0209,02,020902000
IVANA,020903,0209,02,020903000
MAHATAO,020904,0209,02,020904000
SABTANG,020905,0209,02,020905000
UYUGAN,020906,0209,02,020906000
ABULUG,021501,0215,02,021501000
ALCALA,021502,0215,02,021502000
ALLACAPAN,021503,0215,02,021503000
AMULUNG,021504,0215,02,021504000
APARRI,021505,0215,02,021505000
BAGGAO,021506,0215,02,021506000
BALLESTEROS,021507,0215,02,021507000
BUGUEY,021508,0215,02,021508000
CALAYAN,021509,0215,02,021509000
CAMALANIUGAN,021510,0215,02,021510000
CLAVERIA,021511,0215,02,021511000
ENRILE,021512,0215,02,021512000
GATTARAN,021513,0215,02,021513000
GONZAGA,021514,0215,02,021514000
IGUIG,021515,0215,02,021515000
LAL-LO,021516,0215,02,021516000
LASAM,021517,0215,02,021517000
PAMPLONA,021518,0215,02,021518000
PEÑABLANCA,021519,0215,02,021519000
PIAT,021520,0215,02,021520000
RIZAL,021521,0215,02,021521000
SANCHEZ-MIRA,021522,0215,02,021522000
"SANTA ANA",021523,0215,02,021523000
"SANTA PRAXEDES",021524,0215,02,021524000
"SANTA TERESITA",021525,0215,02,021525000
"SANTO NIÑO (FAIRE)",021526,0215,02,021526000
SOLANA,021527,0215,02,021527000
TUAO,021528,0215,02,021528000
"TUGUEGARAO CITY (Capital)",021529,0215,02,021529000
ALICIA,023101,0231,02,023101000
ANGADANAN,023102,0231,02,023102000
AURORA,023103,0231,02,023103000
"BENITO SOLIVEN",023104,0231,02,023104000
BURGOS,023105,0231,02,023105000
CABAGAN,023106,0231,02,023106000
CABATUAN,023107,0231,02,023107000
"CITY OF CAUAYAN",023108,0231,02,023108000
CORDON,023109,0231,02,023109000
DINAPIGUE,023110,0231,02,023110000
DIVILACAN,023111,0231,02,023111000
ECHAGUE,023112,0231,02,023112000
GAMU,023113,0231,02,023113000
"ILAGAN CITY (Capital)",023114,0231,02,023114000
JONES,023115,0231,02,023115000
LUNA,023116,0231,02,023116000
MACONACON,023117,0231,02,023117000
"DELFIN ALBANO (MAGSAYSAY)",023118,0231,02,023118000
MALLIG,023119,0231,02,023119000
NAGUILIAN,023120,0231,02,023120000
PALANAN,023121,0231,02,023121000
QUEZON,023122,0231,02,023122000
QUIRINO,023123,0231,02,023123000
RAMON,023124,0231,02,023124000
"REINA MERCEDES",023125,0231,02,023125000
ROXAS,023126,0231,02,023126000
"SAN AGUSTIN",023127,0231,02,023127000
"SAN GUILLERMO",023128,0231,02,023128000
"SAN ISIDRO",023129,0231,02,023129000
"SAN MANUEL",023130,0231,02,023130000
"SAN MARIANO",023131,0231,02,023131000
"SAN MATEO",023132,0231,02,023132000
"SAN PABLO",023133,0231,02,023133000
"SANTA MARIA",023134,0231,02,023134000
"CITY OF SANTIAGO",023135,0231,02,023135000
"SANTO TOMAS",023136,0231,02,023136000
TUMAUINI,023137,0231,02,023137000
AMBAGUIO,025001,0250,02,025001000
ARITAO,025002,0250,02,025002000
BAGABAG,025003,0250,02,025003000
BAMBANG,025004,0250,02,025004000
"BAYOMBONG (Capital)",025005,0250,02,025005000
DIADI,025006,0250,02,025006000
"DUPAX DEL NORTE",025007,0250,02,025007000
"DUPAX DEL SUR",025008,0250,02,025008000
KASIBU,025009,0250,02,025009000
KAYAPA,025010,0250,02,025010000
QUEZON,025011,0250,02,025011000
"SANTA FE",025012,0250,02,025012000
SOLANO,025013,0250,02,025013000
VILLAVERDE,025014,0250,02,025014000
"ALFONSO CASTANEDA",025015,0250,02,025015000
AGLIPAY,025701,0257,02,025701000
"CABARROGUIS (Capital)",025702,0257,02,025702000
DIFFUN,025703,0257,02,025703000
MADDELA,025704,0257,02,025704000
SAGUDAY,025705,0257,02,025705000
NAGTIPUNAN,025706,0257,02,025706000
ABUCAY,030801,0308,03,030801000
BAGAC,030802,0308,03,030802000
"CITY OF BALANGA (Capital)",030803,0308,03,030803000
DINALUPIHAN,030804,0308,03,030804000
HERMOSA,030805,0308,03,030805000
LIMAY,030806,0308,03,030806000
MARIVELES,030807,0308,03,030807000
MORONG,030808,0308,03,030808000
ORANI,030809,0308,03,030809000
ORION,030810,0308,03,030810000
PILAR,030811,0308,03,030811000
SAMAL,030812,0308,03,030812000
ANGAT,031401,0314,03,031401000
"BALAGTAS (BIGAA)",031402,0314,03,031402000
BALIUAG,031403,0314,03,031403000
BOCAUE,031404,0314,03,031404000
BULACAN,031405,0314,03,031405000
BUSTOS,031406,0314,03,031406000
CALUMPIT,031407,0314,03,031407000
GUIGUINTO,031408,0314,03,031408000
HAGONOY,031409,0314,03,031409000
"CITY OF MALOLOS (Capital)",031410,0314,03,031410000
MARILAO,031411,0314,03,031411000
"CITY OF MEYCAUAYAN",031412,0314,03,031412000
NORZAGARAY,031413,0314,03,031413000
OBANDO,031414,0314,03,031414000
PANDI,031415,0314,03,031415000
PAOMBONG,031416,0314,03,031416000
PLARIDEL,031417,0314,03,031417000
PULILAN,031418,0314,03,031418000
"SAN ILDEFONSO",031419,0314,03,031419000
"CITY OF SAN JOSE DEL MONTE",031420,0314,03,031420000
"SAN MIGUEL",031421,0314,03,031421000
"SAN RAFAEL",031422,0314,03,031422000
"SANTA MARIA",031423,0314,03,031423000
"DOÑA REMEDIOS TRINIDAD",031424,0314,03,031424000
ALIAGA,034901,0349,03,034901000
BONGABON,034902,0349,03,034902000
"CABANATUAN CITY",034903,0349,03,034903000
CABIAO,034904,0349,03,034904000
CARRANGLAN,034905,0349,03,034905000
CUYAPO,034906,0349,03,034906000
"GABALDON (BITULOK & SABANI)",034907,0349,03,034907000
"CITY OF GAPAN",034908,0349,03,034908000
"GENERAL MAMERTO NATIVIDAD",034909,0349,03,034909000
"GENERAL TINIO (PAPAYA)",034910,0349,03,034910000
GUIMBA,034911,0349,03,034911000
JAEN,034912,0349,03,034912000
LAUR,034913,0349,03,034913000
LICAB,034914,0349,03,034914000
LLANERA,034915,0349,03,034915000
LUPAO,034916,0349,03,034916000
"SCIENCE CITY OF MUÑOZ",034917,0349,03,034917000
NAMPICUAN,034918,0349,03,034918000
"PALAYAN CITY (Capital)",034919,0349,03,034919000
PANTABANGAN,034920,0349,03,034920000
PEÑARANDA,034921,0349,03,034921000
QUEZON,034922,0349,03,034922000
RIZAL,034923,0349,03,034923000
"SAN ANTONIO",034924,0349,03,034924000
"SAN ISIDRO",034925,0349,03,034925000
"SAN JOSE CITY",034926,0349,03,034926000
"SAN LEONARDO",034927,0349,03,034927000
"SANTA ROSA",034928,0349,03,034928000
"SANTO DOMINGO",034929,0349,03,034929000
TALAVERA,034930,0349,03,034930000
TALUGTUG,034931,0349,03,034931000
ZARAGOZA,034932,0349,03,034932000
"ANGELES CITY",035401,0354,03,035401000
APALIT,035402,0354,03,035402000
ARAYAT,035403,0354,03,035403000
BACOLOR,035404,0354,03,035404000
CANDABA,035405,0354,03,035405000
FLORIDABLANCA,035406,0354,03,035406000
GUAGUA,035407,0354,03,035407000
LUBAO,035408,0354,03,035408000
"MABALACAT CITY",035409,0354,03,035409000
MACABEBE,035410,0354,03,035410000
MAGALANG,035411,0354,03,035411000
MASANTOL,035412,0354,03,035412000
MEXICO,035413,0354,03,035413000
MINALIN,035414,0354,03,035414000
PORAC,035415,0354,03,035415000
"CITY OF SAN FERNANDO (Capital)",035416,0354,03,035416000
"SAN LUIS",035417,0354,03,035417000
"SAN SIMON",035418,0354,03,035418000
"SANTA ANA",035419,0354,03,035419000
"SANTA RITA",035420,0354,03,035420000
"SANTO TOMAS",035421,0354,03,035421000
"SASMUAN (Sexmoan)",035422,0354,03,035422000
ANAO,036901,0369,03,036901000
BAMBAN,036902,0369,03,036902000
CAMILING,036903,0369,03,036903000
CAPAS,036904,0369,03,036904000
CONCEPCION,036905,0369,03,036905000
GERONA,036906,0369,03,036906000
"LA PAZ",036907,0369,03,036907000
MAYANTOC,036908,0369,03,036908000
MONCADA,036909,0369,03,036909000
PANIQUI,036910,0369,03,036910000
PURA,036911,0369,03,036911000
RAMOS,036912,0369,03,036912000
"SAN CLEMENTE",036913,0369,03,036913000
"SAN MANUEL",036914,0369,03,036914000
"SANTA IGNACIA",036915,0369,03,036915000
"CITY OF TARLAC (Capital)",036916,0369,03,036916000
VICTORIA,036917,0369,03,036917000
"SAN JOSE",036918,0369,03,036918000
BOTOLAN,037101,0371,03,037101000
CABANGAN,037102,0371,03,037102000
CANDELARIA,037103,0371,03,037103000
CASTILLEJOS,037104,0371,03,037104000
"IBA (Capital)",037105,0371,03,037105000
MASINLOC,037106,0371,03,037106000
"OLONGAPO CITY",037107,0371,03,037107000
PALAUIG,037108,0371,03,037108000
"SAN ANTONIO",037109,0371,03,037109000
"SAN FELIPE",037110,0371,03,037110000
"SAN MARCELINO",037111,0371,03,037111000
"SAN NARCISO",037112,0371,03,037112000
"SANTA CRUZ",037113,0371,03,037113000
SUBIC,037114,0371,03,037114000
"BALER (Capital)",037701,0377,03,037701000
CASIGURAN,037702,0377,03,037702000
DILASAG,037703,0377,03,037703000
DINALUNGAN,037704,0377,03,037704000
DINGALAN,037705,0377,03,037705000
DIPACULAO,037706,0377,03,037706000
"MARIA AURORA",037707,0377,03,037707000
"SAN LUIS",037708,0377,03,037708000
AGONCILLO,041001,0410,04,041001000
ALITAGTAG,041002,0410,04,041002000
BALAYAN,041003,0410,04,041003000
BALETE,041004,0410,04,041004000
"BATANGAS CITY (Capital)",041005,0410,04,041005000
BAUAN,041006,0410,04,041006000
CALACA,041007,0410,04,041007000
CALATAGAN,041008,0410,04,041008000
CUENCA,041009,0410,04,041009000
IBAAN,041010,0410,04,041010000
LAUREL,041011,0410,04,041011000
LEMERY,041012,0410,04,041012000
LIAN,041013,0410,04,041013000
"LIPA CITY",041014,0410,04,041014000
LOBO,041015,0410,04,041015000
MABINI,041016,0410,04,041016000
MALVAR,041017,0410,04,041017000
MATAASNAKAHOY,041018,0410,04,041018000
NASUGBU,041019,0410,04,041019000
"PADRE GARCIA",041020,0410,04,041020000
ROSARIO,041021,0410,04,041021000
"SAN JOSE",041022,0410,04,041022000
"SAN JUAN",041023,0410,04,041023000
"SAN LUIS",041024,0410,04,041024000
"SAN NICOLAS",041025,0410,04,041025000
"SAN PASCUAL",041026,0410,04,041026000
"SANTA TERESITA",041027,0410,04,041027000
"SANTO TOMAS",041028,0410,04,041028000
TAAL,041029,0410,04,041029000
TALISAY,041030,0410,04,041030000
"CITY OF TANAUAN",041031,0410,04,041031000
TAYSAN,041032,0410,04,041032000
TINGLOY,041033,0410,04,041033000
TUY,041034,0410,04,041034000
ALFONSO,042101,0421,04,042101000
AMADEO,042102,0421,04,042102000
"BACOOR CITY",042103,0421,04,042103000
CARMONA,042104,0421,04,042104000
"CAVITE CITY",042105,0421,04,042105000
"CITY OF DASMARIÑAS",042106,0421,04,042106000
"GENERAL EMILIO AGUINALDO",042107,0421,04,042107000
"GENERAL TRIAS",042108,0421,04,042108000
"IMUS CITY",042109,0421,04,042109000
INDANG,042110,0421,04,042110000
KAWIT,042111,0421,04,042111000
MAGALLANES,042112,0421,04,042112000
MARAGONDON,042113,0421,04,042113000
"MENDEZ (MENDEZ-NUÑEZ)",042114,0421,04,042114000
NAIC,042115,0421,04,042115000
NOVELETA,042116,0421,04,042116000
ROSARIO,042117,0421,04,042117000
SILANG,042118,0421,04,042118000
"TAGAYTAY CITY",042119,0421,04,042119000
TANZA,042120,0421,04,042120000
TERNATE,042121,0421,04,042121000
"TRECE MARTIRES CITY (Capital)",042122,0421,04,042122000
"GEN. MARIANO ALVAREZ",042123,0421,04,042123000
ALAMINOS,043401,0434,04,043401000
BAY,043402,0434,04,043402000
"CITY OF BIÑAN",043403,0434,04,043403000
"CABUYAO CITY",043404,0434,04,043404000
"CITY OF CALAMBA",043405,0434,04,043405000
CALAUAN,043406,0434,04,043406000
CAVINTI,043407,0434,04,043407000
FAMY,043408,0434,04,043408000
KALAYAAN,043409,0434,04,043409000
LILIW,043410,0434,04,043410000
"LOS BAÑOS",043411,0434,04,043411000
LUISIANA,043412,0434,04,043412000
LUMBAN,043413,0434,04,043413000
MABITAC,043414,0434,04,043414000
MAGDALENA,043415,0434,04,043415000
MAJAYJAY,043416,0434,04,043416000
NAGCARLAN,043417,0434,04,043417000
PAETE,043418,0434,04,043418000
PAGSANJAN,043419,0434,04,043419000
PAKIL,043420,0434,04,043420000
PANGIL,043421,0434,04,043421000
PILA,043422,0434,04,043422000
RIZAL,043423,0434,04,043423000
"SAN PABLO CITY",043424,0434,04,043424000
"CITY OF SAN PEDRO",043425,0434,04,043425000
"SANTA CRUZ (Capital)",043426,0434,04,043426000
"SANTA MARIA",043427,0434,04,043427000
"CITY OF SANTA ROSA",043428,0434,04,043428000
SINILOAN,043429,0434,04,043429000
VICTORIA,043430,0434,04,043430000
AGDANGAN,045601,0456,04,045601000
ALABAT,045602,0456,04,045602000
ATIMONAN,045603,0456,04,045603000
BUENAVISTA,045605,0456,04,045605000
BURDEOS,045606,0456,04,045606000
CALAUAG,045607,0456,04,045607000
CANDELARIA,045608,0456,04,045608000
CATANAUAN,045610,0456,04,045610000
DOLORES,045615,0456,04,045615000
"GENERAL LUNA",045616,0456,04,045616000
"GENERAL NAKAR",045617,0456,04,045617000
GUINAYANGAN,045618,0456,04,045618000
GUMACA,045619,0456,04,045619000
INFANTA,045620,0456,04,045620000
JOMALIG,045621,0456,04,045621000
LOPEZ,045622,0456,04,045622000
LUCBAN,045623,0456,04,045623000
"LUCENA CITY (Capital)",045624,0456,04,045624000
MACALELON,045625,0456,04,045625000
MAUBAN,045627,0456,04,045627000
MULANAY,045628,0456,04,045628000
"PADRE BURGOS",045629,0456,04,045629000
PAGBILAO,045630,0456,04,045630000
PANUKULAN,045631,0456,04,045631000
PATNANUNGAN,045632,0456,04,045632000
PEREZ,045633,0456,04,045633000
PITOGO,045634,0456,04,045634000
PLARIDEL,045635,0456,04,045635000
POLILLO,045636,0456,04,045636000
QUEZON,045637,0456,04,045637000
REAL,045638,0456,04,045638000
SAMPALOC,045639,0456,04,045639000
"SAN ANDRES",045640,0456,04,045640000
"SAN ANTONIO",045641,0456,04,045641000
"SAN FRANCISCO (AURORA)",045642,0456,04,045642000
"SAN NARCISO",045644,0456,04,045644000
SARIAYA,045645,0456,04,045645000
TAGKAWAYAN,045646,0456,04,045646000
"CITY OF TAYABAS",045647,0456,04,045647000
TIAONG,045648,0456,04,045648000
UNISAN,045649,0456,04,045649000
ANGONO,045801,0458,04,045801000
"CITY OF ANTIPOLO",045802,0458,04,045802000
BARAS,045803,0458,04,045803000
BINANGONAN,045804,0458,04,045804000
CAINTA,045805,0458,04,045805000
CARDONA,045806,0458,04,045806000
JALA-JALA,045807,0458,04,045807000
"RODRIGUEZ (MONTALBAN)",045808,0458,04,045808000
MORONG,045809,0458,04,045809000
PILILLA,045810,0458,04,045810000
"SAN MATEO",045811,0458,04,045811000
TANAY,045812,0458,04,045812000
TAYTAY,045813,0458,04,045813000
TERESA,045814,0458,04,045814000
"BOAC (Capital)",174001,1740,17,174001000
BUENAVISTA,174002,1740,17,174002000
GASAN,174003,1740,17,174003000
MOGPOG,174004,1740,17,174004000
"SANTA CRUZ",174005,1740,17,174005000
TORRIJOS,174006,1740,17,174006000
"ABRA DE ILOG",175101,1751,17,175101000
CALINTAAN,175102,1751,17,175102000
LOOC,175103,1751,17,175103000
LUBANG,175104,1751,17,175104000
MAGSAYSAY,175105,1751,17,175105000
"MAMBURAO (Capital)",175106,1751,17,175106000
PALUAN,175107,1751,17,175107000
RIZAL,175108,1751,17,175108000
SABLAYAN,175109,1751,17,175109000
"SAN JOSE",175110,1751,17,175110000
"SANTA CRUZ",175111,1751,17,175111000
BACO,175201,1752,17,175201000
BANSUD,175202,1752,17,175202000
BONGABONG,175203,1752,17,175203000
"BULALACAO (SAN PEDRO)",175204,1752,17,175204000
"CITY OF CALAPAN (Capital)",175205,1752,17,175205000
GLORIA,175206,1752,17,175206000
MANSALAY,175207,1752,17,175207000
NAUJAN,175208,1752,17,175208000
PINAMALAYAN,175209,1752,17,175209000
POLA,175210,1752,17,175210000
"PUERTO GALERA",175211,1752,17,175211000
ROXAS,175212,1752,17,175212000
"SAN TEODORO",175213,1752,17,175213000
SOCORRO,175214,1752,17,175214000
VICTORIA,175215,1752,17,175215000
ABORLAN,175301,1753,17,175301000
AGUTAYA,175302,1753,17,175302000
ARACELI,175303,1753,17,175303000
BALABAC,175304,1753,17,175304000
BATARAZA,175305,1753,17,175305000
"BROOKE'S POINT",175306,1753,17,175306000
BUSUANGA,175307,1753,17,175307000
CAGAYANCILLO,175308,1753,17,175308000
CORON,175309,1753,17,175309000
CUYO,175310,1753,17,175310000
DUMARAN,175311,1753,17,175311000
"EL NIDO (BACUIT)",175312,1753,17,175312000
LINAPACAN,175313,1753,17,175313000
MAGSAYSAY,175314,1753,17,175314000
NARRA,175315,1753,17,175315000
"PUERTO PRINCESA CITY (Capital)",175316,1753,17,175316000
QUEZON,175317,1753,17,175317000
ROXAS,175318,1753,17,175318000
"SAN VICENTE",175319,1753,17,175319000
TAYTAY,175320,1753,17,175320000
KALAYAAN,175321,1753,17,175321000
CULION,175322,1753,17,175322000
"RIZAL (MARCOS)",175323,1753,17,175323000
"SOFRONIO ESPAÑOLA",175324,1753,17,175324000
ALCANTARA,175901,1759,17,175901000
BANTON,175902,1759,17,175902000
CAJIDIOCAN,175903,1759,17,175903000
CALATRAVA,175904,1759,17,175904000
CONCEPCION,175905,1759,17,175905000
CORCUERA,175906,1759,17,175906000
LOOC,175907,1759,17,175907000
MAGDIWANG,175908,1759,17,175908000
ODIONGAN,175909,1759,17,175909000
"ROMBLON (Capital)",175910,1759,17,175910000
"SAN AGUSTIN",175911,1759,17,175911000
"SAN ANDRES",175912,1759,17,175912000
"SAN FERNANDO",175913,1759,17,175913000
"SAN JOSE",175914,1759,17,175914000
"SANTA FE",175915,1759,17,175915000
FERROL,175916,1759,17,175916000
"SANTA MARIA (IMELDA)",175917,1759,17,175917000
BACACAY,050501,0505,05,050501000
CAMALIG,050502,0505,05,050502000
"DARAGA (LOCSIN)",050503,0505,05,050503000
GUINOBATAN,050504,0505,05,050504000
JOVELLAR,050505,0505,05,050505000
"LEGAZPI CITY (Capital)",050506,0505,05,050506000
LIBON,050507,0505,05,050507000
"CITY OF LIGAO",050508,0505,05,050508000
MALILIPOT,050509,0505,05,050509000
MALINAO,050510,0505,05,050510000
MANITO,050511,0505,05,050511000
OAS,050512,0505,05,050512000
"PIO DURAN",050513,0505,05,050513000
POLANGUI,050514,0505,05,050514000
RAPU-RAPU,050515,0505,05,050515000
"SANTO DOMINGO (LIBOG)",050516,0505,05,050516000
"CITY OF TABACO",050517,0505,05,050517000
TIWI,050518,0505,05,050518000
BASUD,051601,0516,05,051601000
CAPALONGA,051602,0516,05,051602000
"DAET (Capital)",051603,0516,05,051603000
"SAN LORENZO RUIZ (IMELDA)",051604,0516,05,051604000
"JOSE PANGANIBAN",051605,0516,05,051605000
LABO,051606,0516,05,051606000
MERCEDES,051607,0516,05,051607000
PARACALE,051608,0516,05,051608000
"SAN VICENTE",051609,0516,05,051609000
"SANTA ELENA",051610,0516,05,051610000
TALISAY,051611,0516,05,051611000
VINZONS,051612,0516,05,051612000
BAAO,051701,0517,05,051701000
BALATAN,051702,0517,05,051702000
BATO,051703,0517,05,051703000
BOMBON,051704,0517,05,051704000
BUHI,051705,0517,05,051705000
BULA,051706,0517,05,051706000
CABUSAO,051707,0517,05,051707000
CALABANGA,051708,0517,05,051708000
CAMALIGAN,051709,0517,05,051709000
CANAMAN,051710,0517,05,051710000
CARAMOAN,051711,0517,05,051711000
"DEL GALLEGO",051712,0517,05,051712000
GAINZA,051713,0517,05,051713000
GARCHITORENA,051714,0517,05,051714000
GOA,051715,0517,05,051715000
"IRIGA CITY",051716,0517,05,051716000
LAGONOY,051717,0517,05,051717000
LIBMANAN,051718,0517,05,051718000
LUPI,051719,0517,05,051719000
MAGARAO,051720,0517,05,051720000
MILAOR,051721,0517,05,051721000
MINALABAC,051722,0517,05,051722000
NABUA,051723,0517,05,051723000
"NAGA CITY",051724,0517,05,051724000
OCAMPO,051725,0517,05,051725000
PAMPLONA,051726,0517,05,051726000
PASACAO,051727,0517,05,051727000
"PILI (Capital)",051728,0517,05,051728000
"PRESENTACION (PARUBCAN)",051729,0517,05,051729000
RAGAY,051730,0517,05,051730000
SAGÑAY,051731,0517,05,051731000
"SAN FERNANDO",051732,0517,05,051732000
"SAN JOSE",051733,0517,05,051733000
SIPOCOT,051734,0517,05,051734000
SIRUMA,051735,0517,05,051735000
TIGAON,051736,0517,05,051736000
TINAMBAC,051737,0517,05,051737000
BAGAMANOC,052001,0520,05,052001000
BARAS,052002,0520,05,052002000
BATO,052003,0520,05,052003000
CARAMORAN,052004,0520,05,052004000
GIGMOTO,052005,0520,05,052005000
PANDAN,052006,0520,05,052006000
"PANGANIBAN (PAYO)",052007,0520,05,052007000
"SAN ANDRES (CALOLBON)",052008,0520,05,052008000
"SAN MIGUEL",052009,0520,05,052009000
VIGA,052010,0520,05,052010000
"VIRAC (Capital)",052011,0520,05,052011000
AROROY,054101,0541,05,054101000
BALENO,054102,0541,05,054102000
BALUD,054103,0541,05,054103000
BATUAN,054104,0541,05,054104000
CATAINGAN,054105,0541,05,054105000
CAWAYAN,054106,0541,05,054106000
CLAVERIA,054107,0541,05,054107000
DIMASALANG,054108,0541,05,054108000
ESPERANZA,054109,0541,05,054109000
MANDAON,054110,0541,05,054110000
"CITY OF MASBATE (Capital)",054111,0541,05,054111000
MILAGROS,054112,0541,05,054112000
MOBO,054113,0541,05,054113000
MONREAL,054114,0541,05,054114000
PALANAS,054115,0541,05,054115000
"PIO V. CORPUZ (LIMBUHAN)",054116,0541,05,054116000
PLACER,054117,0541,05,054117000
"SAN FERNANDO",054118,0541,05,054118000
"SAN JACINTO",054119,0541,05,054119000
"SAN PASCUAL",054120,0541,05,054120000
USON,054121,0541,05,054121000
BARCELONA,056202,0562,05,056202000
BULAN,056203,0562,05,056203000
BULUSAN,056204,0562,05,056204000
CASIGURAN,056205,0562,05,056205000
CASTILLA,056206,0562,05,056206000
DONSOL,056207,0562,05,056207000
GUBAT,056208,0562,05,056208000
IROSIN,056209,0562,05,056209000
JUBAN,056210,0562,05,056210000
MAGALLANES,056211,0562,05,056211000
MATNOG,056212,0562,05,056212000
PILAR,056213,0562,05,056213000
"PRIETO DIAZ",056214,0562,05,056214000
"SANTA MAGDALENA",056215,0562,05,056215000
"CITY OF SORSOGON (Capital)",056216,0562,05,056216000
ALTAVAS,060401,0604,06,060401000
BALETE,060402,0604,06,060402000
BANGA,060403,0604,06,060403000
BATAN,060404,0604,06,060404000
BURUANGA,060405,0604,06,060405000
IBAJAY,060406,0604,06,060406000
"KALIBO (Capital)",060407,0604,06,060407000
LEZO,060408,0604,06,060408000
LIBACAO,060409,0604,06,060409000
MADALAG,060410,0604,06,060410000
MAKATO,060411,0604,06,060411000
MALAY,060412,0604,06,060412000
MALINAO,060413,0604,06,060413000
NABAS,060414,0604,06,060414000
"NEW WASHINGTON",060415,0604,06,060415000
NUMANCIA,060416,0604,06,060416000
TANGALAN,060417,0604,06,060417000
ANINI-Y,060601,0606,06,060601000
BARBAZA,060602,0606,06,060602000
BELISON,060603,0606,06,060603000
BUGASONG,060604,0606,06,060604000
CALUYA,060605,0606,06,060605000
CULASI,060606,0606,06,060606000
"TOBIAS FORNIER (DAO)",060607,0606,06,060607000
HAMTIC,060608,0606,06,060608000
LAUA-AN,060609,0606,06,060609000
LIBERTAD,060610,0606,06,060610000
PANDAN,060611,0606,06,060611000
PATNONGON,060612,0606,06,060612000
"SAN JOSE (Capital)",060613,0606,06,060613000
"SAN REMIGIO",060614,0606,06,060614000
SEBASTE,060615,0606,06,060615000
SIBALOM,060616,0606,06,060616000
TIBIAO,060617,0606,06,060617000
VALDERRAMA,060618,0606,06,060618000
CUARTERO,061901,0619,06,061901000
DAO,061902,0619,06,061902000
DUMALAG,061903,0619,06,061903000
DUMARAO,061904,0619,06,061904000
IVISAN,061905,0619,06,061905000
JAMINDAN,061906,0619,06,061906000
MA-AYON,061907,0619,06,061907000
MAMBUSAO,061908,0619,06,061908000
PANAY,061909,0619,06,061909000
PANITAN,061910,0619,06,061910000
PILAR,061911,0619,06,061911000
PONTEVEDRA,061912,0619,06,061912000
"PRESIDENT ROXAS",061913,0619,06,061913000
"ROXAS CITY (Capital)",061914,0619,06,061914000
SAPI-AN,061915,0619,06,061915000
SIGMA,061916,0619,06,061916000
TAPAZ,061917,0619,06,061917000
AJUY,063001,0630,06,063001000
ALIMODIAN,063002,0630,06,063002000
ANILAO,063003,0630,06,063003000
BADIANGAN,063004,0630,06,063004000
BALASAN,063005,0630,06,063005000
BANATE,063006,0630,06,063006000
"BAROTAC NUEVO",063007,0630,06,063007000
"BAROTAC VIEJO",063008,0630,06,063008000
BATAD,063009,0630,06,063009000
BINGAWAN,063010,0630,06,063010000
CABATUAN,063012,0630,06,063012000
CALINOG,063013,0630,06,063013000
CARLES,063014,0630,06,063014000
CONCEPCION,063015,0630,06,063015000
DINGLE,063016,0630,06,063016000
DUEÑAS,063017,0630,06,063017000
DUMANGAS,063018,0630,06,063018000
ESTANCIA,063019,0630,06,063019000
GUIMBAL,063020,0630,06,063020000
IGBARAS,063021,0630,06,063021000
"ILOILO CITY (Capital)",063022,0630,06,063022000
JANIUAY,063023,0630,06,063023000
LAMBUNAO,063025,0630,06,063025000
LEGANES,063026,0630,06,063026000
LEMERY,063027,0630,06,063027000
LEON,063028,0630,06,063028000
MAASIN,063029,0630,06,063029000
MIAGAO,063030,0630,06,063030000
MINA,063031,0630,06,063031000
"NEW LUCENA",063032,0630,06,063032000
OTON,063034,0630,06,063034000
"CITY OF PASSI",063035,0630,06,063035000
PAVIA,063036,0630,06,063036000
POTOTAN,063037,0630,06,063037000
"SAN DIONISIO",063038,0630,06,063038000
"SAN ENRIQUE",063039,0630,06,063039000
"SAN JOAQUIN",063040,0630,06,063040000
"SAN MIGUEL",063041,0630,06,063041000
"SAN RAFAEL",063042,0630,06,063042000
"SANTA BARBARA",063043,0630,06,063043000
SARA,063044,0630,06,063044000
TIGBAUAN,063045,0630,06,063045000
TUBUNGAN,063046,0630,06,063046000
ZARRAGA,063047,0630,06,063047000
"BACOLOD CITY (Capital)",064501,0645,06,064501000
"BAGO CITY",064502,0645,06,064502000
BINALBAGAN,064503,0645,06,064503000
"CADIZ CITY",064504,0645,06,064504000
CALATRAVA,064505,0645,06,064505000
CANDONI,064506,0645,06,064506000
CAUAYAN,064507,0645,06,064507000
"ENRIQUE B. MAGALONA (SARAVIA)",064508,0645,06,064508000
"CITY OF ESCALANTE",064509,0645,06,064509000
"CITY OF HIMAMAYLAN",064510,0645,06,064510000
HINIGARAN,064511,0645,06,064511000
"HINOBA-AN (ASIA)",064512,0645,06,064512000
ILOG,064513,0645,06,064513000
ISABELA,064514,0645,06,064514000
"CITY OF KABANKALAN",064515,0645,06,064515000
"LA CARLOTA CITY",064516,0645,06,064516000
"LA CASTELLANA",064517,0645,06,064517000
MANAPLA,064518,0645,06,064518000
"MOISES PADILLA (MAGALLON)",064519,0645,06,064519000
MURCIA,064520,0645,06,064520000
PONTEVEDRA,064521,0645,06,064521000
PULUPANDAN,064522,0645,06,064522000
"SAGAY CITY",064523,0645,06,064523000
"SAN CARLOS CITY",064524,0645,06,064524000
"SAN ENRIQUE",064525,0645,06,064525000
"SILAY CITY",064526,0645,06,064526000
"CITY OF SIPALAY",064527,0645,06,064527000
"CITY OF TALISAY",064528,0645,06,064528000
TOBOSO,064529,0645,06,064529000
VALLADOLID,064530,0645,06,064530000
"CITY OF VICTORIAS",064531,0645,06,064531000
"SALVADOR BENEDICTO",064532,0645,06,064532000
BUENAVISTA,067901,0679,06,067901000
"JORDAN (Capital)",067902,0679,06,067902000
"NUEVA VALENCIA",067903,0679,06,067903000
"SAN LORENZO",067904,0679,06,067904000
SIBUNAG,067905,0679,06,067905000
ALBURQUERQUE,071201,0712,07,071201000
ALICIA,071202,0712,07,071202000
ANDA,071203,0712,07,071203000
ANTEQUERA,071204,0712,07,071204000
BACLAYON,071205,0712,07,071205000
BALILIHAN,071206,0712,07,071206000
BATUAN,071207,0712,07,071207000
BILAR,071208,0712,07,071208000
BUENAVISTA,071209,0712,07,071209000
CALAPE,071210,0712,07,071210000
CANDIJAY,071211,0712,07,071211000
CARMEN,071212,0712,07,071212000
CATIGBIAN,071213,0712,07,071213000
CLARIN,071214,0712,07,071214000
CORELLA,071215,0712,07,071215000
CORTES,071216,0712,07,071216000
DAGOHOY,071217,0712,07,071217000
DANAO,071218,0712,07,071218000
DAUIS,071219,0712,07,071219000
DIMIAO,071220,0712,07,071220000
DUERO,071221,0712,07,071221000
"GARCIA HERNANDEZ",071222,0712,07,071222000
GUINDULMAN,071223,0712,07,071223000
INABANGA,071224,0712,07,071224000
JAGNA,071225,0712,07,071225000
JETAFE,071226,0712,07,071226000
LILA,071227,0712,07,071227000
LOAY,071228,0712,07,071228000
LOBOC,071229,0712,07,071229000
LOON,071230,0712,07,071230000
MABINI,071231,0712,07,071231000
MARIBOJOC,071232,0712,07,071232000
PANGLAO,071233,0712,07,071233000
PILAR,071234,0712,07,071234000
"PRES. CARLOS P. GARCIA (PITOGO)",071235,0712,07,071235000
"SAGBAYAN (BORJA)",071236,0712,07,071236000
"SAN ISIDRO",071237,0712,07,071237000
"SAN MIGUEL",071238,0712,07,071238000
SEVILLA,071239,0712,07,071239000
"SIERRA BULLONES",071240,0712,07,071240000
SIKATUNA,071241,0712,07,071241000
"TAGBILARAN CITY (Capital)",071242,0712,07,071242000
TALIBON,071243,0712,07,071243000
TRINIDAD,071244,0712,07,071244000
TUBIGON,071245,0712,07,071245000
UBAY,071246,0712,07,071246000
VALENCIA,071247,0712,07,071247000
"BIEN UNIDO",071248,0712,07,071248000
ALCANTARA,072201,0722,07,072201000
ALCOY,072202,0722,07,072202000
ALEGRIA,072203,0722,07,072203000
ALOGUINSAN,072204,0722,07,072204000
ARGAO,072205,0722,07,072205000
ASTURIAS,072206,0722,07,072206000
BADIAN,072207,0722,07,072207000
BALAMBAN,072208,0722,07,072208000
BANTAYAN,072209,0722,07,072209000
BARILI,072210,0722,07,072210000
"CITY OF BOGO",072211,0722,07,072211000
BOLJOON,072212,0722,07,072212000
BORBON,072213,0722,07,072213000
"CITY OF CARCAR",072214,0722,07,072214000
CARMEN,072215,0722,07,072215000
CATMON,072216,0722,07,072216000
"CEBU CITY (Capital)",072217,0722,07,072217000
COMPOSTELA,072218,0722,07,072218000
CONSOLACION,072219,0722,07,072219000
CORDOVA,072220,0722,07,072220000
DAANBANTAYAN,072221,0722,07,072221000
DALAGUETE,072222,0722,07,072222000
"DANAO CITY",072223,0722,07,072223000
DUMANJUG,072224,0722,07,072224000
GINATILAN,072225,0722,07,072225000
"LAPU-LAPU CITY (OPON)",072226,0722,07,072226000
LILOAN,072227,0722,07,072227000
MADRIDEJOS,072228,0722,07,072228000
MALABUYOC,072229,0722,07,072229000
"MANDAUE CITY",072230,0722,07,072230000
MEDELLIN,072231,0722,07,072231000
MINGLANILLA,072232,0722,07,072232000
MOALBOAL,072233,0722,07,072233000
"CITY OF NAGA",072234,0722,07,072234000
OSLOB,072235,0722,07,072235000
PILAR,072236,0722,07,072236000
PINAMUNGAHAN,072237,0722,07,072237000
PORO,072238,0722,07,072238000
RONDA,072239,0722,07,072239000
SAMBOAN,072240,0722,07,072240000
"SAN FERNANDO",072241,0722,07,072241000
"SAN FRANCISCO",072242,0722,07,072242000
"SAN REMIGIO",072243,0722,07,072243000
"SANTA FE",072244,0722,07,072244000
SANTANDER,072245,0722,07,072245000
SIBONGA,072246,0722,07,072246000
SOGOD,072247,0722,07,072247000
TABOGON,072248,0722,07,072248000
TABUELAN,072249,0722,07,072249000
"CITY OF TALISAY",072250,0722,07,072250000
"TOLEDO CITY",072251,0722,07,072251000
TUBURAN,072252,0722,07,072252000
TUDELA,072253,0722,07,072253000
"AMLAN (AYUQUITAN)",074601,0746,07,074601000
AYUNGON,074602,0746,07,074602000
BACONG,074603,0746,07,074603000
"BAIS CITY",074604,0746,07,074604000
BASAY,074605,0746,07,074605000
"CITY OF BAYAWAN (TULONG)",074606,0746,07,074606000
"BINDOY (PAYABON)",074607,0746,07,074607000
"CANLAON CITY",074608,0746,07,074608000
DAUIN,074609,0746,07,074609000
"DUMAGUETE CITY (Capital)",074610,0746,07,074610000
"CITY OF GUIHULNGAN",074611,0746,07,074611000
JIMALALUD,074612,0746,07,074612000
"LA LIBERTAD",074613,0746,07,074613000
MABINAY,074614,0746,07,074614000
MANJUYOD,074615,0746,07,074615000
PAMPLONA,074616,0746,07,074616000
"SAN JOSE",074617,0746,07,074617000
"SANTA CATALINA",074618,0746,07,074618000
SIATON,074619,0746,07,074619000
SIBULAN,074620,0746,07,074620000
"CITY OF TANJAY",074621,0746,07,074621000
TAYASAN,074622,0746,07,074622000
"VALENCIA (LUZURRIAGA)",074623,0746,07,074623000
VALLEHERMOSO,074624,0746,07,074624000
ZAMBOANGUITA,074625,0746,07,074625000
"ENRIQUE VILLANUEVA",076101,0761,07,076101000
LARENA,076102,0761,07,076102000
LAZI,076103,0761,07,076103000
MARIA,076104,0761,07,076104000
"SAN JUAN",076105,0761,07,076105000
"SIQUIJOR (Capital)",076106,0761,07,076106000
ARTECHE,082601,0826,08,082601000
BALANGIGA,082602,0826,08,082602000
BALANGKAYAN,082603,0826,08,082603000
"CITY OF BORONGAN (Capital)",082604,0826,08,082604000
CAN-AVID,082605,0826,08,082605000
DOLORES,082606,0826,08,082606000
"GENERAL MACARTHUR",082607,0826,08,082607000
GIPORLOS,082608,0826,08,082608000
GUIUAN,082609,0826,08,082609000
HERNANI,082610,0826,08,082610000
JIPAPAD,082611,0826,08,082611000
LAWAAN,082612,0826,08,082612000
LLORENTE,082613,0826,08,082613000
MASLOG,082614,0826,08,082614000
MAYDOLONG,082615,0826,08,082615000
MERCEDES,082616,0826,08,082616000
ORAS,082617,0826,08,082617000
QUINAPONDAN,082618,0826,08,082618000
SALCEDO,082619,0826,08,082619000
"SAN JULIAN",082620,0826,08,082620000
"SAN POLICARPO",082621,0826,08,082621000
SULAT,082622,0826,08,082622000
TAFT,082623,0826,08,082623000
ABUYOG,083701,0837,08,083701000
ALANGALANG,083702,0837,08,083702000
ALBUERA,083703,0837,08,083703000
BABATNGON,083705,0837,08,083705000
BARUGO,083706,0837,08,083706000
BATO,083707,0837,08,083707000
"CITY OF BAYBAY",083708,0837,08,083708000
BURAUEN,083710,0837,08,083710000
CALUBIAN,083713,0837,08,083713000
CAPOOCAN,083714,0837,08,083714000
CARIGARA,083715,0837,08,083715000
DAGAMI,083717,0837,08,083717000
DULAG,083718,0837,08,083718000
HILONGOS,083719,0837,08,083719000
HINDANG,083720,0837,08,083720000
INOPACAN,083721,0837,08,083721000
ISABEL,083722,0837,08,083722000
JARO,083723,0837,08,083723000
"JAVIER (BUGHO)",083724,0837,08,083724000
JULITA,083725,0837,08,083725000
KANANGA,083726,0837,08,083726000
"LA PAZ",083728,0837,08,083728000
LEYTE,083729,0837,08,083729000
MACARTHUR,083730,0837,08,083730000
MAHAPLAG,083731,0837,08,083731000
MATAG-OB,083733,0837,08,083733000
MATALOM,083734,0837,08,083734000
MAYORGA,083735,0837,08,083735000
MERIDA,083736,0837,08,083736000
"ORMOC CITY",083738,0837,08,083738000
PALO,083739,0837,08,083739000
PALOMPON,083740,0837,08,083740000
PASTRANA,083741,0837,08,083741000
"SAN ISIDRO",083742,0837,08,083742000
"SAN MIGUEL",083743,0837,08,083743000
"SANTA FE",083744,0837,08,083744000
TABANGO,083745,0837,08,083745000
TABONTABON,083746,0837,08,083746000
"TACLOBAN CITY (Capital)",083747,0837,08,083747000
TANAUAN,083748,0837,08,083748000
TOLOSA,083749,0837,08,083749000
TUNGA,083750,0837,08,083750000
VILLABA,083751,0837,08,083751000
ALLEN,084801,0848,08,084801000
BIRI,084802,0848,08,084802000
BOBON,084803,0848,08,084803000
CAPUL,084804,0848,08,084804000
"CATARMAN (Capital)",084805,0848,08,084805000
CATUBIG,084806,0848,08,084806000
GAMAY,084807,0848,08,084807000
LAOANG,084808,0848,08,084808000
LAPINIG,084809,0848,08,084809000
"LAS NAVAS",084810,0848,08,084810000
LAVEZARES,084811,0848,08,084811000
MAPANAS,084812,0848,08,084812000
MONDRAGON,084813,0848,08,084813000
PALAPAG,084814,0848,08,084814000
PAMBUJAN,084815,0848,08,084815000
ROSARIO,084816,0848,08,084816000
"SAN ANTONIO",084817,0848,08,084817000
"SAN ISIDRO",084818,0848,08,084818000
"SAN JOSE",084819,0848,08,084819000
"SAN ROQUE",084820,0848,08,084820000
"SAN VICENTE",084821,0848,08,084821000
"SILVINO LOBOS",084822,0848,08,084822000
VICTORIA,084823,0848,08,084823000
"LOPE DE VEGA",084824,0848,08,084824000
ALMAGRO,086001,0860,08,086001000
BASEY,086002,0860,08,086002000
"CALBAYOG CITY",086003,0860,08,086003000
CALBIGA,086004,0860,08,086004000
"CITY OF CATBALOGAN (Capital)",086005,0860,08,086005000
DARAM,086006,0860,08,086006000
GANDARA,086007,0860,08,086007000
HINABANGAN,086008,0860,08,086008000
JIABONG,086009,0860,08,086009000
MARABUT,086010,0860,08,086010000
MATUGUINAO,086011,0860,08,086011000
MOTIONG,086012,0860,08,086012000
PINABACDAO,086013,0860,08,086013000
"SAN JOSE DE BUAN",086014,0860,08,086014000
"SAN SEBASTIAN",086015,0860,08,086015000
"SANTA MARGARITA",086016,0860,08,086016000
"SANTA RITA",086017,0860,08,086017000
"SANTO NIÑO",086018,0860,08,086018000
TALALORA,086019,0860,08,086019000
TARANGNAN,086020,0860,08,086020000
VILLAREAL,086021,0860,08,086021000
"PARANAS (WRIGHT)",086022,0860,08,086022000
ZUMARRAGA,086023,0860,08,086023000
TAGAPUL-AN,086024,0860,08,086024000
"SAN JORGE",086025,0860,08,086025000
PAGSANGHAN,086026,0860,08,086026000
ANAHAWAN,086401,0864,08,086401000
BONTOC,086402,0864,08,086402000
HINUNANGAN,086403,0864,08,086403000
HINUNDAYAN,086404,0864,08,086404000
LIBAGON,086405,0864,08,086405000
LILOAN,086406,0864,08,086406000
"CITY OF MAASIN (Capital)",086407,0864,08,086407000
MACROHON,086408,0864,08,086408000
MALITBOG,086409,0864,08,086409000
"PADRE BURGOS",086410,0864,08,086410000
PINTUYAN,086411,0864,08,086411000
"SAINT BERNARD",086412,0864,08,086412000
"SAN FRANCISCO",086413,0864,08,086413000
"SAN JUAN (CABALIAN)",086414,0864,08,086414000
"SAN RICARDO",086415,0864,08,086415000
SILAGO,086416,0864,08,086416000
SOGOD,086417,0864,08,086417000
"TOMAS OPPUS",086418,0864,08,086418000
LIMASAWA,086419,0864,08,086419000
ALMERIA,087801,0878,08,087801000
BILIRAN,087802,0878,08,087802000
CABUCGAYAN,087803,0878,08,087803000
CAIBIRAN,087804,0878,08,087804000
CULABA,087805,0878,08,087805000
KAWAYAN,087806,0878,08,087806000
MARIPIPI,087807,0878,08,087807000
"NAVAL (Capital)",087808,0878,08,087808000
"DAPITAN CITY",097201,0972,09,097201000
"DIPOLOG CITY (Capital)",097202,0972,09,097202000
KATIPUNAN,097203,0972,09,097203000
"LA LIBERTAD",097204,0972,09,097204000
LABASON,097205,0972,09,097205000
LILOY,097206,0972,09,097206000
MANUKAN,097207,0972,09,097207000
MUTIA,097208,0972,09,097208000
"PIÑAN (NEW PIÑAN)",097209,0972,09,097209000
POLANCO,097210,0972,09,097210000
"PRES. MANUEL A. ROXAS",097211,0972,09,097211000
RIZAL,097212,0972,09,097212000
SALUG,097213,0972,09,097213000
"SERGIO OSMEÑA SR.",097214,0972,09,097214000
SIAYAN,097215,0972,09,097215000
SIBUCO,097216,0972,09,097216000
SIBUTAD,097217,0972,09,097217000
SINDANGAN,097218,0972,09,097218000
SIOCON,097219,0972,09,097219000
SIRAWAI,097220,0972,09,097220000
TAMPILISAN,097221,0972,09,097221000
"JOSE DALMAN (PONOT)",097222,0972,09,097222000
GUTALAC,097223,0972,09,097223000
BALIGUIAN,097224,0972,09,097224000
GODOD,097225,0972,09,097225000
"BACUNGAN (Leon T. Postigo)",097226,0972,09,097226000
KALAWIT,097227,0972,09,097227000
AURORA,097302,0973,09,097302000
BAYOG,097303,0973,09,097303000
DIMATALING,097305,0973,09,097305000
DINAS,097306,0973,09,097306000
DUMALINAO,097307,0973,09,097307000
DUMINGAG,097308,0973,09,097308000
KUMALARANG,097311,0973,09,097311000
LABANGAN,097312,0973,09,097312000
LAPUYAN,097313,0973,09,097313000
MAHAYAG,097315,0973,09,097315000
MARGOSATUBIG,097317,0973,09,097317000
MIDSALIP,097318,0973,09,097318000
MOLAVE,097319,0973,09,097319000
"PAGADIAN CITY (Capital)",097322,0973,09,097322000
"RAMON MAGSAYSAY (LIARGO)",097323,0973,09,097323000
"SAN MIGUEL",097324,0973,09,097324000
"SAN PABLO",097325,0973,09,097325000
TABINA,097327,0973,09,097327000
TAMBULIG,097328,0973,09,097328000
TUKURAN,097330,0973,09,097330000
"ZAMBOANGA CITY",097332,0973,09,097332000
LAKEWOOD,097333,0973,09,097333000
JOSEFINA,097337,0973,09,097337000
PITOGO,097338,0973,09,097338000
"SOMINOT (DON MARIANO MARCOS)",097340,0973,09,097340000
"VINCENZO A. SAGUN",097341,0973,09,097341000
GUIPOS,097343,0973,09,097343000
TIGBAO,097344,0973,09,097344000
ALICIA,098301,0983,09,098301000
BUUG,098302,0983,09,098302000
DIPLAHAN,098303,0983,09,098303000
IMELDA,098304,0983,09,098304000
"IPIL (Capital)",098305,0983,09,098305000
KABASALAN,098306,0983,09,098306000
MABUHAY,098307,0983,09,098307000
MALANGAS,098308,0983,09,098308000
NAGA,098309,0983,09,098309000
OLUTANGA,098310,0983,09,098310000
PAYAO,098311,0983,09,098311000
"ROSELLER LIM",098312,0983,09,098312000
SIAY,098313,0983,09,098313000
TALUSAN,098314,0983,09,098314000
TITAY,098315,0983,09,098315000
TUNGAWAN,098316,0983,09,098316000
"CITY OF ISABELA",099701,0997,09,099701000
BAUNGON,101301,1013,10,101301000
DAMULOG,101302,1013,10,101302000
DANGCAGAN,101303,1013,10,101303000
"DON CARLOS",101304,1013,10,101304000
IMPASUG-ONG,101305,1013,10,101305000
KADINGILAN,101306,1013,10,101306000
KALILANGAN,101307,1013,10,101307000
KIBAWE,101308,1013,10,101308000
KITAOTAO,101309,1013,10,101309000
LANTAPAN,101310,1013,10,101310000
LIBONA,101311,1013,10,101311000
"CITY OF MALAYBALAY (Capital)",101312,1013,10,101312000
MALITBOG,101313,1013,10,101313000
"MANOLO FORTICH",101314,1013,10,101314000
MARAMAG,101315,1013,10,101315000
PANGANTUCAN,101316,1013,10,101316000
QUEZON,101317,1013,10,101317000
"SAN FERNANDO",101318,1013,10,101318000
SUMILAO,101319,1013,10,101319000
TALAKAG,101320,1013,10,101320000
"CITY OF VALENCIA",101321,1013,10,101321000
CABANGLASAN,101322,1013,10,101322000
CATARMAN,101801,1018,10,101801000
GUINSILIBAN,101802,1018,10,101802000
MAHINOG,101803,1018,10,101803000
"MAMBAJAO (Capital)",101804,1018,10,101804000
SAGAY,101805,1018,10,101805000
BACOLOD,103501,1035,10,103501000
BALOI,103502,1035,10,103502000
BAROY,103503,1035,10,103503000
"ILIGAN CITY",103504,1035,10,103504000
KAPATAGAN,103505,1035,10,103505000
"SULTAN NAGA DIMAPORO (KAROMATAN)",103506,1035,10,103506000
KAUSWAGAN,103507,1035,10,103507000
KOLAMBUGAN,103508,1035,10,103508000
LALA,103509,1035,10,103509000
LINAMON,103510,1035,10,103510000
MAGSAYSAY,103511,1035,10,103511000
MAIGO,103512,1035,10,103512000
MATUNGAO,103513,1035,10,103513000
MUNAI,103514,1035,10,103514000
NUNUNGAN,103515,1035,10,103515000
"PANTAO RAGAT",103516,1035,10,103516000
"POONA PIAGAPO",103517,1035,10,103517000
SALVADOR,103518,1035,10,103518000
SAPAD,103519,1035,10,103519000
TAGOLOAN,103520,1035,10,103520000
TANGCAL,103521,1035,10,103521000
"TUBOD (Capital)",103522,1035,10,103522000
PANTAR,103523,1035,10,103523000
ALORAN,104201,1042,10,104201000
BALIANGAO,104202,1042,10,104202000
BONIFACIO,104203,1042,10,104203000
CALAMBA,104204,1042,10,104204000
CLARIN,104205,1042,10,104205000
CONCEPCION,104206,1042,10,104206000
JIMENEZ,104207,1042,10,104207000
"LOPEZ JAENA",104208,1042,10,104208000
"OROQUIETA CITY (Capital)",104209,1042,10,104209000
"OZAMIS CITY",104210,1042,10,104210000
PANAON,104211,1042,10,104211000
PLARIDEL,104212,1042,10,104212000
"SAPANG DALAGA",104213,1042,10,104213000
SINACABAN,104214,1042,10,104214000
"TANGUB CITY",104215,1042,10,104215000
TUDELA,104216,1042,10,104216000
"DON VICTORIANO CHIONGBIAN  (DON MARIANO MARCOS)",104217,1042,10,104217000
ALUBIJID,104301,1043,10,104301000
BALINGASAG,104302,1043,10,104302000
BALINGOAN,104303,1043,10,104303000
BINUANGAN,104304,1043,10,104304000
"CAGAYAN DE ORO CITY (Capital)",104305,1043,10,104305000
CLAVERIA,104306,1043,10,104306000
"CITY OF EL SALVADOR",104307,1043,10,104307000
"GINGOOG CITY",104308,1043,10,104308000
GITAGUM,104309,1043,10,104309000
INITAO,104310,1043,10,104310000
JASAAN,104311,1043,10,104311000
KINOGUITAN,104312,1043,10,104312000
LAGONGLONG,104313,1043,10,104313000
LAGUINDINGAN,104314,1043,10,104314000
LIBERTAD,104315,1043,10,104315000
LUGAIT,104316,1043,10,104316000
"MAGSAYSAY (LINUGOS)",104317,1043,10,104317000
MANTICAO,104318,1043,10,104318000
MEDINA,104319,1043,10,104319000
NAAWAN,104320,1043,10,104320000
OPOL,104321,1043,10,104321000
SALAY,104322,1043,10,104322000
SUGBONGCOGON,104323,1043,10,104323000
TAGOLOAN,104324,1043,10,104324000
TALISAYAN,104325,1043,10,104325000
VILLANUEVA,104326,1043,10,104326000
"ASUNCION (SAUG)",112301,1123,11,112301000
CARMEN,112303,1123,11,112303000
KAPALONG,112305,1123,11,112305000
"NEW CORELLA",112314,1123,11,112314000
"CITY OF PANABO",112315,1123,11,112315000
"ISLAND GARDEN CITY OF SAMAL",112317,1123,11,112317000
"SANTO TOMAS",112318,1123,11,112318000
"CITY OF TAGUM (Capital)",112319,1123,11,112319000
TALAINGOD,112322,1123,11,112322000
"BRAULIO E. DUJALI",112323,1123,11,112323000
"SAN ISIDRO",112324,1123,11,112324000
BANSALAN,112401,1124,11,112401000
"DAVAO CITY",112402,1124,11,112402000
"CITY OF DIGOS (Capital)",112403,1124,11,112403000
HAGONOY,112404,1124,11,112404000
KIBLAWAN,112406,1124,11,112406000
MAGSAYSAY,112407,1124,11,112407000
MALALAG,112408,1124,11,112408000
MATANAO,112410,1124,11,112410000
PADADA,112411,1124,11,112411000
"SANTA CRUZ",112412,1124,11,112412000
SULOP,112414,1124,11,112414000
BAGANGA,112501,1125,11,112501000
BANAYBANAY,112502,1125,11,112502000
BOSTON,112503,1125,11,112503000
CARAGA,112504,1125,11,112504000
CATEEL,112505,1125,11,112505000
"GOVERNOR GENEROSO",112506,1125,11,112506000
LUPON,112507,1125,11,112507000
MANAY,112508,1125,11,112508000
"CITY OF MATI (Capital)",112509,1125,11,112509000
"SAN ISIDRO",112510,1125,11,112510000
TARRAGONA,112511,1125,11,112511000
COMPOSTELA,118201,1182,11,118201000
"LAAK (SAN VICENTE)",118202,1182,11,118202000
"MABINI (DOÑA ALICIA)",118203,1182,11,118203000
MACO,118204,1182,11,118204000
"MARAGUSAN (SAN MARIANO)",118205,1182,11,118205000
MAWAB,118206,1182,11,118206000
MONKAYO,118207,1182,11,118207000
MONTEVISTA,118208,1182,11,118208000
"NABUNTURAN (Capital)",118209,1182,11,118209000
"NEW BATAAN",118210,1182,11,118210000
PANTUKAN,118211,1182,11,118211000
"DON MARCELINO",118601,1186,11,118601000
"JOSE ABAD SANTOS (TRINIDAD)",118602,1186,11,118602000
MALITA,118603,1186,11,118603000
"SANTA MARIA",118604,1186,11,118604000
SARANGANI,118605,1186,11,118605000
ALAMADA,124701,1247,12,124701000
CARMEN,124702,1247,12,124702000
KABACAN,124703,1247,12,124703000
"CITY OF KIDAPAWAN (Capital)",124704,1247,12,124704000
LIBUNGAN,124705,1247,12,124705000
MAGPET,124706,1247,12,124706000
MAKILALA,124707,1247,12,124707000
MATALAM,124708,1247,12,124708000
MIDSAYAP,124709,1247,12,124709000
M'LANG,124710,1247,12,124710000
PIGKAWAYAN,124711,1247,12,124711000
PIKIT,124712,1247,12,124712000
"PRESIDENT ROXAS",124713,1247,12,124713000
TULUNAN,124714,1247,12,124714000
ANTIPAS,124715,1247,12,124715000
BANISILAN,124716,1247,12,124716000
ALEOSAN,124717,1247,12,124717000
ARAKAN,124718,1247,12,124718000
BANGA,126302,1263,12,126302000
"GENERAL SANTOS CITY (DADIANGAS)",126303,1263,12,126303000
"CITY OF KORONADAL (Capital)",126306,1263,12,126306000
NORALA,126311,1263,12,126311000
POLOMOLOK,126312,1263,12,126312000
SURALLAH,126313,1263,12,126313000
TAMPAKAN,126314,1263,12,126314000
TANTANGAN,126315,1263,12,126315000
T'BOLI,126316,1263,12,126316000
TUPI,126317,1263,12,126317000
"SANTO NIÑO",126318,1263,12,126318000
"LAKE SEBU",126319,1263,12,126319000
BAGUMBAYAN,126501,1265,12,126501000
COLUMBIO,126502,1265,12,126502000
ESPERANZA,126503,1265,12,126503000
"ISULAN (Capital)",126504,1265,12,126504000
KALAMANSIG,126505,1265,12,126505000
LEBAK,126506,1265,12,126506000
LUTAYAN,126507,1265,12,126507000
"LAMBAYONG (MARIANO MARCOS)",126508,1265,12,126508000
PALIMBANG,126509,1265,12,126509000
"PRESIDENT QUIRINO",126510,1265,12,126510000
"CITY OF TACURONG",126511,1265,12,126511000
"SEN. NINOY AQUINO",126512,1265,12,126512000
"ALABEL (Capital)",128001,1280,12,128001000
GLAN,128002,1280,12,128002000
KIAMBA,128003,1280,12,128003000
MAASIM,128004,1280,12,128004000
MAITUM,128005,1280,12,128005000
MALAPATAN,128006,1280,12,128006000
MALUNGON,128007,1280,12,128007000
"COTABATO CITY",129804,1298,12,129804000
"TONDO I / II",133901,1339,13,133901000
BINONDO,133902,1339,13,133902000
QUIAPO,133903,1339,13,133903000
"SAN NICOLAS",133904,1339,13,133904000
"SANTA CRUZ",133905,1339,13,133905000
SAMPALOC,133906,1339,13,133906000
"SAN MIGUEL",133907,1339,13,133907000
ERMITA,133908,1339,13,133908000
INTRAMUROS,133909,1339,13,133909000
MALATE,133910,1339,13,133910000
PACO,133911,1339,13,133911000
PANDACAN,133912,1339,13,133912000
"PORT AREA",133913,1339,13,133913000
"SANTA ANA",133914,1339,13,133914000
"CITY OF MANDALUYONG",137401,1374,13,137401000
"CITY OF MARIKINA",137402,1374,13,137402000
"CITY OF PASIG",137403,1374,13,137403000
"QUEZON CITY",137404,1374,13,137404000
"CITY OF SAN JUAN",137405,1374,13,137405000
"CALOOCAN CITY",137501,1375,13,137501000
"CITY OF MALABON",137502,1375,13,137502000
"CITY OF NAVOTAS",137503,1375,13,137503000
"CITY OF VALENZUELA",137504,1375,13,137504000
"CITY OF LAS PIÑAS",137601,1376,13,137601000
"CITY OF MAKATI",137602,1376,13,137602000
"CITY OF MUNTINLUPA",137603,1376,13,137603000
"CITY OF PARAÑAQUE",137604,1376,13,137604000
"PASAY CITY",137605,1376,13,137605000
PATEROS,137606,1376,13,137606000
"TAGUIG CITY",137607,1376,13,137607000
"BANGUED (Capital)",140101,1401,14,140101000
BOLINEY,140102,1401,14,140102000
BUCAY,140103,1401,14,140103000
BUCLOC,140104,1401,14,140104000
DAGUIOMAN,140105,1401,14,140105000
DANGLAS,140106,1401,14,140106000
DOLORES,140107,1401,14,140107000
"LA PAZ",140108,1401,14,140108000
LACUB,140109,1401,14,140109000
LAGANGILANG,140110,1401,14,140110000
LAGAYAN,140111,1401,14,140111000
LANGIDEN,140112,1401,14,140112000
"LICUAN-BAAY (LICUAN)",140113,1401,14,140113000
LUBA,140114,1401,14,140114000
MALIBCONG,140115,1401,14,140115000
MANABO,140116,1401,14,140116000
PEÑARRUBIA,140117,1401,14,140117000
PIDIGAN,140118,1401,14,140118000
PILAR,140119,1401,14,140119000
SALLAPADAN,140120,1401,14,140120000
"SAN ISIDRO",140121,1401,14,140121000
"SAN JUAN",140122,1401,14,140122000
"SAN QUINTIN",140123,1401,14,140123000
TAYUM,140124,1401,14,140124000
TINEG,140125,1401,14,140125000
TUBO,140126,1401,14,140126000
VILLAVICIOSA,140127,1401,14,140127000
ATOK,141101,1411,14,141101000
"BAGUIO CITY",141102,1411,14,141102000
BAKUN,141103,1411,14,141103000
BOKOD,141104,1411,14,141104000
BUGUIAS,141105,1411,14,141105000
ITOGON,141106,1411,14,141106000
KABAYAN,141107,1411,14,141107000
KAPANGAN,141108,1411,14,141108000
KIBUNGAN,141109,1411,14,141109000
"LA TRINIDAD (Capital)",141110,1411,14,141110000
MANKAYAN,141111,1411,14,141111000
SABLAN,141112,1411,14,141112000
TUBA,141113,1411,14,141113000
TUBLAY,141114,1411,14,141114000
BANAUE,142701,1427,14,142701000
HUNGDUAN,142702,1427,14,142702000
KIANGAN,142703,1427,14,142703000
"LAGAWE (Capital)",142704,1427,14,142704000
LAMUT,142705,1427,14,142705000
MAYOYAO,142706,1427,14,142706000
"ALFONSO LISTA (POTIA)",142707,1427,14,142707000
AGUINALDO,142708,1427,14,142708000
HINGYON,142709,1427,14,142709000
TINOC,142710,1427,14,142710000
ASIPULO,142711,1427,14,142711000
BALBALAN,143201,1432,14,143201000
LUBUAGAN,143206,1432,14,143206000
PASIL,143208,1432,14,143208000
PINUKPUK,143209,1432,14,143209000
"RIZAL (LIWAN)",143211,1432,14,143211000
"CITY OF TABUK (Capital)",143213,1432,14,143213000
TANUDAN,143214,1432,14,143214000
TINGLAYAN,143215,1432,14,143215000
BARLIG,144401,1444,14,144401000
BAUKO,144402,1444,14,144402000
BESAO,144403,1444,14,144403000
"BONTOC (Capital)",144404,1444,14,144404000
NATONIN,144405,1444,14,144405000
PARACELIS,144406,1444,14,144406000
SABANGAN,144407,1444,14,144407000
SADANGA,144408,1444,14,144408000
SAGADA,144409,1444,14,144409000
TADIAN,144410,1444,14,144410000
"CALANASAN (BAYAG)",148101,1481,14,148101000
CONNER,148102,1481,14,148102000
FLORA,148103,1481,14,148103000
"KABUGAO (Capital)",148104,1481,14,148104000
LUNA,148105,1481,14,148105000
PUDTOL,148106,1481,14,148106000
"SANTA MARCELA",148107,1481,14,148107000
"CITY OF LAMITAN",150702,1507,15,150702000
LANTAWAN,150703,1507,15,150703000
MALUSO,150704,1507,15,150704000
SUMISIP,150705,1507,15,150705000
TIPO-TIPO,150706,1507,15,150706000
TUBURAN,150707,1507,15,150707000
AKBAR,150708,1507,15,150708000
AL-BARKA,150709,1507,15,150709000
"HADJI MOHAMMAD AJUL",150710,1507,15,150710000
"UNGKAYA PUKAN",150711,1507,15,150711000
"HADJI MUHTAMAD",150712,1507,15,150712000
TABUAN-LASA,150713,1507,15,150713000
"BACOLOD-KALAWI (BACOLOD GRANDE)",153601,1536,15,153601000
BALABAGAN,153602,1536,15,153602000
"BALINDONG (WATU)",153603,1536,15,153603000
BAYANG,153604,1536,15,153604000
BINIDAYAN,153605,1536,15,153605000
BUBONG,153606,1536,15,153606000
BUTIG,153607,1536,15,153607000
GANASSI,153609,1536,15,153609000
KAPAI,153610,1536,15,153610000
"LUMBA-BAYABAO (MAGUING)",153611,1536,15,153611000
LUMBATAN,153612,1536,15,153612000
MADALUM,153613,1536,15,153613000
MADAMBA,153614,1536,15,153614000
MALABANG,153615,1536,15,153615000
MARANTAO,153616,1536,15,153616000
"MARAWI CITY (Capital)",153617,1536,15,153617000
MASIU,153618,1536,15,153618000
MULONDO,153619,1536,15,153619000
"PAGAYAWAN (TATARIKAN)",153620,1536,15,153620000
PIAGAPO,153621,1536,15,153621000
"POONA BAYABAO (GATA)",153622,1536,15,153622000
PUALAS,153623,1536,15,153623000
DITSAAN-RAMAIN,153624,1536,15,153624000
SAGUIARAN,153625,1536,15,153625000
TAMPARAN,153626,1536,15,153626000
TARAKA,153627,1536,15,153627000
TUBARAN,153628,1536,15,153628000
TUGAYA,153629,1536,15,153629000
WAO,153630,1536,15,153630000
MAROGONG,153631,1536,15,153631000
CALANOGAS,153632,1536,15,153632000
BUADIPOSO-BUNTONG,153633,1536,15,153633000
MAGUING,153634,1536,15,153634000
"PICONG (SULTAN GUMANDER)",153635,1536,15,153635000
LUMBAYANAGUE,153636,1536,15,153636000
BUMBARAN,153637,1536,15,153637000
"TAGOLOAN II",153638,1536,15,153638000
KAPATAGAN,153639,1536,15,153639000
"SULTAN DUMALONDONG",153640,1536,15,153640000
LUMBACA-UNAYAN,153641,1536,15,153641000
AMPATUAN,153801,1538,15,153801000
BULDON,153802,1538,15,153802000
BULUAN,153803,1538,15,153803000
"DATU PAGLAS",153805,1538,15,153805000
"DATU PIANG",153806,1538,15,153806000
"DATU ODIN SINSUAT (DINAIG)",153807,1538,15,153807000
"SHARIFF AGUAK (MAGANOY) (Capital)",153808,1538,15,153808000
MATANOG,153809,1538,15,153809000
PAGALUNGAN,153810,1538,15,153810000
PARANG,153811,1538,15,153811000
"SULTAN KUDARAT (NULING)",153812,1538,15,153812000
"SULTAN SA BARONGIS (LAMBAYONG)",153813,1538,15,153813000
"KABUNTALAN (TUMBAO)",153814,1538,15,153814000
UPI,153815,1538,15,153815000
TALAYAN,153816,1538,15,153816000
"SOUTH UPI",153817,1538,15,153817000
BARIRA,153818,1538,15,153818000
"GEN. S. K. PENDATUN",153819,1538,15,153819000
MAMASAPANO,153820,1538,15,153820000
TALITAY,153821,1538,15,153821000
PAGAGAWAN,153822,1538,15,153822000
PAGLAT,153823,1538,15,153823000
"SULTAN MASTURA",153824,1538,15,153824000
GUINDULUNGAN,153825,1538,15,153825000
"DATU SAUDI-AMPATUAN",153826,1538,15,153826000
"DATU UNSAY",153827,1538,15,153827000
"DATU ABDULLAH SANGKI",153828,1538,15,153828000
"RAJAH BUAYAN",153829,1538,15,153829000
"DATU BLAH T. SINSUAT",153830,1538,15,153830000
"DATU ANGGAL MIDTIMBANG",153831,1538,15,153831000
MANGUDADATU,153832,1538,15,153832000
PANDAG,153833,1538,15,153833000
"NORTHERN KABUNTALAN",153834,1538,15,153834000
"DATU HOFFER AMPATUAN",153835,1538,15,153835000
"DATU SALIBO",153836,1538,15,153836000
"SHARIFF SAYDONA MUSTAPHA",153837,1538,15,153837000
INDANAN,156601,1566,15,156601000
"JOLO (Capital)",156602,1566,15,156602000
"KALINGALAN CALUANG",156603,1566,15,156603000
LUUK,156604,1566,15,156604000
MAIMBUNG,156605,1566,15,156605000
"HADJI PANGLIMA TAHIL (MARUNGGAS)",156606,1566,15,156606000
"OLD PANAMAO",156607,1566,15,156607000
PANGUTARAN,156608,1566,15,156608000
PARANG,156609,1566,15,156609000
PATA,156610,1566,15,156610000
PATIKUL,156611,1566,15,156611000
SIASI,156612,1566,15,156612000
TALIPAO,156613,1566,15,156613000
TAPUL,156614,1566,15,156614000
TONGKIL,156615,1566,15,156615000
"PANGLIMA ESTINO (NEW PANAMAO)",156616,1566,15,156616000
LUGUS,156617,1566,15,156617000
PANDAMI,156618,1566,15,156618000
OMAR,156619,1566,15,156619000
"PANGLIMA SUGALA (BALIMBING)",157001,1570,15,157001000
"BONGAO (Capital)",157002,1570,15,157002000
"MAPUN (CAGAYAN DE TAWI-TAWI)",157003,1570,15,157003000
SIMUNUL,157004,1570,15,157004000
SITANGKAI,157005,1570,15,157005000
"SOUTH UBIAN",157006,1570,15,157006000
TANDUBAS,157007,1570,15,157007000
"TURTLE ISLANDS",157008,1570,15,157008000
LANGUYAN,157009,1570,15,157009000
SAPA-SAPA,157010,1570,15,157010000
SIBUTU,157011,1570,15,157011000
BUENAVISTA,160201,1602,16,160201000
"BUTUAN CITY (Capital)",160202,1602,16,160202000
"CITY OF CABADBARAN",160203,1602,16,160203000
CARMEN,160204,1602,16,160204000
JABONGA,160205,1602,16,160205000
KITCHARAO,160206,1602,16,160206000
"LAS NIEVES",160207,1602,16,160207000
MAGALLANES,160208,1602,16,160208000
NASIPIT,160209,1602,16,160209000
SANTIAGO,160210,1602,16,160210000
TUBAY,160211,1602,16,160211000
"REMEDIOS T. ROMUALDEZ",160212,1602,16,160212000
"CITY OF BAYUGAN",160301,1603,16,160301000
BUNAWAN,160302,1603,16,160302000
ESPERANZA,160303,1603,16,160303000
"LA PAZ",160304,1603,16,160304000
LORETO,160305,1603,16,160305000
"PROSPERIDAD (Capital)",160306,1603,16,160306000
ROSARIO,160307,1603,16,160307000
"SAN FRANCISCO",160308,1603,16,160308000
"SAN LUIS",160309,1603,16,160309000
"SANTA JOSEFA",160310,1603,16,160310000
TALACOGON,160311,1603,16,160311000
TRENTO,160312,1603,16,160312000
VERUELA,160313,1603,16,160313000
SIBAGAT,160314,1603,16,160314000
ALEGRIA,166701,1667,16,166701000
BACUAG,166702,1667,16,166702000
BURGOS,166704,1667,16,166704000
CLAVER,166706,1667,16,166706000
DAPA,166707,1667,16,166707000
"DEL CARMEN",166708,1667,16,166708000
"GENERAL LUNA",166710,1667,16,166710000
GIGAQUIT,166711,1667,16,166711000
MAINIT,166714,1667,16,166714000
MALIMONO,166715,1667,16,166715000
PILAR,166716,1667,16,166716000
PLACER,166717,1667,16,166717000
"SAN BENITO",166718,1667,16,166718000
"SAN FRANCISCO (ANAO-AON)",166719,1667,16,166719000
"SAN ISIDRO",166720,1667,16,166720000
"SANTA MONICA (SAPAO)",166721,1667,16,166721000
SISON,166722,1667,16,166722000
SOCORRO,166723,1667,16,166723000
"SURIGAO CITY (Capital)",166724,1667,16,166724000
TAGANA-AN,166725,1667,16,166725000
TUBOD,166727,1667,16,166727000
BAROBO,166801,1668,16,166801000
BAYABAS,166802,1668,16,166802000
"CITY OF BISLIG",166803,1668,16,166803000
CAGWAIT,166804,1668,16,166804000
CANTILAN,166805,1668,16,166805000
CARMEN,166806,1668,16,166806000
CARRASCAL,166807,1668,16,166807000
CORTES,166808,1668,16,166808000
HINATUAN,166809,1668,16,166809000
LANUZA,166810,1668,16,166810000
LIANGA,166811,1668,16,166811000
LINGIG,166812,1668,16,166812000
MADRID,166813,1668,16,166813000
MARIHATAG,166814,1668,16,166814000
"SAN AGUSTIN",166815,1668,16,166815000
"SAN MIGUEL",166816,1668,16,166816000
TAGBINA,166817,1668,16,166817000
TAGO,166818,1668,16,166818000
"CITY OF TANDAG (Capital)",166819,1668,16,166819000
"BASILISA (RIZAL)",168501,1685,16,168501000
CAGDIANAO,168502,1685,16,168502000
DINAGAT,168503,1685,16,168503000
"LIBJO (ALBOR)",168504,1685,16,168504000
LORETO,168505,1685,16,168505000
"SAN JOSE (Capital)",168506,1685,16,168506000
TUBAJON,168507,1685,16,168507000
